t,x,y,z,vx,vy,vz
0.0000,24.0000,2.0000,4.0000,0.0000,0.0000,0.0000
0.1000,24.0008,2.0006,4.0023,0.0170,0.0127,0.0453
0.2000,24.0034,2.0025,4.0091,0.0340,0.0254,0.0906
0.3000,24.0076,2.0057,4.0204,0.0509,0.0381,0.1358
0.4000,24.0136,2.0102,4.0362,0.0679,0.0508,0.1811
0.5000,24.0212,2.0159,4.0566,0.0849,0.0635,0.2264
0.6000,24.0306,2.0229,4.0815,0.1019,0.0762,0.2717
0.7000,24.0416,2.0311,4.1109,0.1188,0.0889,0.3170
0.8000,24.0543,2.0406,4.1449,0.1358,0.1016,0.3623
0.9000,24.0688,2.0514,4.1834,0.1528,0.1143,0.4075
1.0000,24.0849,2.0635,4.2264,0.1698,0.1270,0.4528
1.1000,24.1027,2.0768,4.2740,0.1867,0.1397,0.4981
1.2000,24.1222,2.0914,4.3260,0.2037,0.1524,0.5434
1.3000,24.1434,2.1073,4.3826,0.2207,0.1651,0.5887
1.4000,24.1664,2.1244,4.4438,0.2377,0.1778,0.6340
1.5000,24.1910,2.1429,4.5094,0.2546,0.1905,0.6792
1.6000,24.2173,2.1625,4.5796,0.2716,0.2032,0.7245
1.7000,24.2453,2.1835,4.6543,0.2886,0.2159,0.7698
1.8000,24.2750,2.2057,4.7336,0.3056,0.2286,0.8151
1.9000,24.3064,2.2292,4.8174,0.3225,0.2413,0.8604
2.0000,24.3395,2.2540,4.9057,0.3395,0.2540,0.9057
2.1000,24.3743,2.2800,4.9985,0.3565,0.2667,0.9509
2.2000,24.4108,2.3073,5.0959,0.3734,0.2794,0.9962
2.3000,24.4482,2.3353,5.1957,0.3749,0.2804,1.0000
2.4000,24.4857,2.3633,5.2957,0.3749,0.2804,1.0000
2.5000,24.5232,2.3914,5.3957,0.3749,0.2804,1.0000
2.6000,24.5607,2.4194,5.4957,0.3749,0.2804,1.0000
2.7000,24.5982,2.4475,5.5957,0.3749,0.2804,1.0000
2.8000,24.6357,2.4755,5.6957,0.3749,0.2804,1.0000
2.9000,24.6732,2.5035,5.7957,0.3749,0.2804,1.0000
3.0000,24.7106,2.5316,5.8957,0.3749,0.2804,1.0000
3.1000,24.7481,2.5596,5.9957,0.3749,0.2804,1.0000
3.2000,24.7856,2.5877,6.0957,0.3749,0.2804,1.0000
3.3000,24.8231,2.6157,6.1957,0.3749,0.2804,1.0000
3.4000,24.8606,2.6437,6.2957,0.3749,0.2804,1.0000
3.5000,24.8981,2.6718,6.3957,0.3749,0.2804,1.0000
3.6000,24.9356,2.6998,6.4957,0.3749,0.2804,1.0000
3.7000,24.9731,2.7279,6.5957,0.3749,0.2804,1.0000
3.8000,25.0106,2.7559,6.6957,0.3749,0.2804,1.0000
3.9000,25.0480,2.7840,6.7957,0.3749,0.2804,1.0000
4.0000,25.0855,2.8120,6.8957,0.3749,0.2804,1.0000
4.1000,25.1230,2.8400,6.9957,0.3749,0.2804,1.0000
4.2000,25.1605,2.8681,7.0957,0.3749,0.2804,1.0000
4.3000,25.1980,2.8961,7.1957,0.3749,0.2804,1.0000
4.4000,25.2355,2.9242,7.2957,0.3749,0.2804,1.0000
4.5000,25.2730,2.9522,7.3957,0.3749,0.2804,1.0000
4.6000,25.3105,2.9802,7.4957,0.3749,0.2804,1.0000
4.7000,25.3480,3.0083,7.5957,0.3749,0.2804,1.0000
4.8000,25.3854,3.0363,7.6957,0.3749,0.2804,1.0000
4.9000,25.4229,3.0644,7.7957,0.3749,0.2804,1.0000
5.0000,25.4604,3.0924,7.8957,0.3749,0.2804,1.0000
5.1000,25.4979,3.1205,7.9957,0.3749,0.2804,1.0000
5.2000,25.5354,3.1485,8.0957,0.3749,0.2804,1.0000
5.3000,25.5729,3.1765,8.1957,0.3749,0.2804,1.0000
5.4000,25.6104,3.2046,8.2957,0.3749,0.2804,1.0000
5.5000,25.6479,3.2326,8.3957,0.3749,0.2804,1.0000
5.6000,25.6853,3.2607,8.4957,0.3749,0.2804,1.0000
5.7000,25.7228,3.2887,8.5957,0.3749,0.2804,1.0000
5.8000,25.7603,3.3168,8.6957,0.3749,0.2804,1.0000
5.9000,25.7978,3.3448,8.7957,0.3749,0.2804,1.0000
6.0000,25.8353,3.3728,8.8957,0.3749,0.2804,1.0000
6.1000,25.8728,3.4009,8.9957,0.3749,0.2804,1.0000
6.2000,25.9103,3.4289,9.0957,0.3749,0.2804,1.0000
6.3000,25.9478,3.4570,9.1957,0.3749,0.2804,1.0000
6.4000,25.9853,3.4850,9.2957,0.3749,0.2804,1.0000
6.5000,26.0227,3.5130,9.3957,0.3749,0.2804,1.0000
6.6000,26.0602,3.5411,9.4957,0.3749,0.2804,1.0000
6.7000,26.0977,3.5691,9.5957,0.3749,0.2804,1.0000
6.8000,26.1352,3.5972,9.6957,0.3749,0.2804,1.0000
6.9000,26.1727,3.6252,9.7957,0.3749,0.2804,1.0000
7.0000,26.2102,3.6533,9.8957,0.3749,0.2804,1.0000
7.1000,26.2477,3.6813,9.9957,0.3749,0.2804,1.0000
7.2000,26.2852,3.7093,10.0957,0.3749,0.2804,1.0000
7.3000,26.3226,3.7374,10.1957,0.3749,0.2804,1.0000
7.4000,26.3601,3.7654,10.2957,0.3749,0.2804,1.0000
7.5000,26.3976,3.7935,10.3957,0.3749,0.2804,1.0000
7.6000,26.4351,3.8215,10.4957,0.3749,0.2804,1.0000
7.7000,26.4726,3.8496,10.5957,0.3749,0.2804,1.0000
7.8000,26.5101,3.8776,10.6957,0.3749,0.2804,1.0000
7.9000,26.5476,3.9056,10.7957,0.3749,0.2804,1.0000
8.0000,26.5851,3.9337,10.8957,0.3749,0.2804,1.0000
8.1000,26.6226,3.9617,10.9957,0.3749,0.2804,1.0000
8.2000,26.6600,3.9898,11.0957,0.3749,0.2804,1.0000
8.3000,26.6975,4.0178,11.1957,0.3749,0.2804,1.0000
8.4000,26.7350,4.0458,11.2957,0.3749,0.2804,1.0000
8.5000,26.7725,4.0739,11.3957,0.3749,0.2804,1.0000
8.6000,26.8100,4.1019,11.4957,0.3749,0.2804,1.0000
8.7000,26.8475,4.1300,11.5957,0.3749,0.2804,1.0000
8.8000,26.8850,4.1580,11.6957,0.3749,0.2804,1.0000
8.9000,26.9225,4.1861,11.7957,0.3749,0.2804,1.0000
9.0000,26.9599,4.2141,11.8957,0.3749,0.2804,1.0000
9.1000,26.9974,4.2421,11.9957,0.3749,0.2804,1.0000
9.2000,27.0349,4.2702,12.0957,0.3749,0.2804,1.0000
9.3000,27.0724,4.2982,12.1957,0.3749,0.2804,1.0000
9.4000,27.1099,4.3263,12.2957,0.3749,0.2804,1.0000
9.5000,27.1474,4.3543,12.3957,0.3749,0.2804,1.0000
9.6000,27.1849,4.3823,12.4957,0.3749,0.2804,1.0000
9.7000,27.2224,4.4104,12.5957,0.3749,0.2804,1.0000
9.8000,27.2599,4.4384,12.6957,0.3749,0.2804,1.0000
9.9000,27.2973,4.4665,12.7957,0.3749,0.2804,1.0000
10.0000,27.3348,4.4945,12.8957,0.3749,0.2804,1.0000
10.1000,27.3723,4.5226,12.9957,0.3749,0.2804,1.0000
10.2000,27.4098,4.5506,13.0957,0.3749,0.2804,1.0000
10.3000,27.4473,4.5787,13.1957,0.3749,0.2804,1.0000
10.4000,27.4861,4.6077,13.2953,0.3879,0.2904,1.0000
10.5000,27.5273,4.6386,13.3946,0.4140,0.3104,1.0000
10.6000,27.5714,4.6717,13.4938,0.4423,0.3322,1.0000
10.7000,27.6185,4.7072,13.5928,0.4740,0.3564,1.0000
10.8000,27.6690,4.7452,13.6917,0.5081,0.3826,1.0000
10.9000,27.7233,4.7861,13.7904,0.5470,0.4124,1.0000
11.0000,27.7818,4.8303,13.8889,0.5890,0.4446,1.0000
11.1000,27.8449,4.8780,13.9871,0.6378,0.4822,1.0000
11.2000,27.9135,4.9299,14.0850,0.6935,0.5248,1.0000
11.3000,27.9881,4.9864,14.1823,0.7552,0.5722,0.9969
11.4000,28.0692,5.0479,14.2784,0.8201,0.6221,0.9859
11.5000,28.1571,5.1147,14.3725,0.8880,0.6743,0.9661
11.6000,28.2521,5.1870,14.4633,0.9595,0.7294,0.9348
11.7000,28.3543,5.2648,14.5501,1.0316,0.7850,0.8951
11.8000,28.4639,5.3482,14.6316,1.1055,0.8421,0.8428
11.9000,28.5806,5.4373,14.7068,1.1785,0.8985,0.7812
12.0000,28.7045,5.5318,14.7748,1.2498,0.9537,0.7107
12.1000,28.8351,5.6316,14.8349,1.3187,1.0071,0.6312
12.2000,28.9722,5.7363,14.8862,1.3843,1.0580,0.5440
12.3000,29.1152,5.8458,14.9283,1.4458,1.1059,0.4508
12.4000,29.2639,5.9596,14.9609,1.5027,1.1503,0.3544
12.5000,29.4176,6.0774,14.9836,1.5549,1.1910,0.2562
12.6000,29.5760,6.1988,14.9966,1.6026,1.2284,0.1569
12.7000,29.7387,6.3236,15.0000,1.6461,1.2625,0.0578
12.8000,29.9053,6.4514,15.0000,1.6862,1.2936,0.0000
12.9000,30.0759,6.5823,15.0000,1.7259,1.3240,0.0000
13.0000,30.2505,6.7162,15.0000,1.7656,1.3545,0.0000
13.1000,30.4290,6.8532,15.0000,1.8053,1.3849,0.0000
13.2000,30.6116,6.9932,15.0000,1.8449,1.4154,0.0000
13.3000,30.7980,7.1363,15.0000,1.8846,1.4458,0.0000
13.4000,30.9885,7.2824,15.0000,1.9243,1.4762,0.0000
13.5000,31.1829,7.4315,15.0000,1.9639,1.5066,0.0000
13.6000,31.3811,7.5836,15.0000,2.0000,1.5343,0.0000
13.7000,31.5811,7.7370,15.0000,2.0000,1.5343,0.0000
13.8000,31.7811,7.8904,15.0000,2.0000,1.5343,0.0000
13.9000,31.9811,8.0439,15.0000,2.0000,1.5343,0.0000
14.0000,32.1811,8.1973,15.0000,2.0000,1.5343,0.0000
14.1000,32.3811,8.3507,15.0000,2.0000,1.5343,0.0000
14.2000,32.5811,8.5042,15.0000,2.0000,1.5344,0.0000
14.3000,32.7811,8.6576,15.0000,2.0000,1.5343,0.0000
14.4000,32.9811,8.8110,15.0000,2.0000,1.5343,0.0000
14.5000,33.1811,8.9645,15.0000,2.0000,1.5343,0.0000
14.6000,33.3811,9.1179,15.0000,2.0000,1.5342,0.0000
14.7000,33.5811,9.2713,15.0000,2.0000,1.5343,0.0000
14.8000,33.7811,9.4248,15.0000,2.0000,1.5343,0.0000
14.9000,33.9811,9.5782,15.0000,2.0000,1.5344,0.0000
15.0000,34.1811,9.7316,15.0000,2.0000,1.5344,0.0000
15.1000,34.3811,9.8851,15.0000,2.0000,1.5343,0.0000
15.2000,34.5811,10.0385,15.0000,2.0000,1.5344,0.0000
15.3000,34.7811,10.1919,15.0000,2.0000,1.5343,0.0000
15.4000,34.9811,10.3454,15.0000,2.0000,1.5343,0.0000
15.5000,35.1811,10.4988,15.0000,2.0000,1.5343,0.0000
15.6000,35.3811,10.6522,15.0000,2.0000,1.5343,0.0000
15.7000,35.5811,10.8057,15.0000,2.0000,1.5344,0.0000
15.8000,35.7811,10.9591,15.0000,2.0000,1.5343,0.0000
15.9000,35.9811,11.1125,15.0000,2.0000,1.5343,0.0000
16.0000,36.1811,11.2660,15.0000,2.0000,1.5344,0.0000
16.1000,36.3811,11.4194,15.0000,2.0000,1.5343,0.0000
16.2000,36.5811,11.5729,15.0000,2.0000,1.5343,0.0000
16.3000,36.7811,11.7263,15.0000,2.0000,1.5343,0.0000
16.4000,36.9811,11.8797,15.0000,2.0000,1.5343,0.0000
16.5000,37.1811,12.0332,15.0000,2.0000,1.5343,0.0000
16.6000,37.3811,12.1866,15.0000,2.0000,1.5343,0.0000
16.7000,37.5811,12.3400,15.0000,2.0000,1.5343,0.0000
16.8000,37.7811,12.4935,15.0000,2.0000,1.5343,0.0000
16.9000,37.9811,12.6469,15.0000,2.0000,1.5343,0.0000
17.0000,38.1811,12.8003,15.0000,2.0000,1.5343,0.0000
17.1000,38.3811,12.9538,15.0000,2.0000,1.5343,0.0000
17.2000,38.5811,13.1072,15.0000,2.0000,1.5344,0.0000
17.3000,38.7811,13.2606,15.0000,2.0000,1.5343,0.0000
17.4000,38.9811,13.4141,15.0000,2.0000,1.5343,0.0000
17.5000,39.1812,13.5675,15.0000,2.0000,1.5343,0.0000
17.6000,39.3812,13.7209,15.0000,2.0000,1.5343,0.0000
17.7000,39.5812,13.8744,15.0000,2.0000,1.5344,0.0000
17.8000,39.7812,14.0278,15.0000,2.0000,1.5343,0.0000
17.9000,39.9812,14.1812,15.0000,2.0000,1.5343,0.0000
18.0000,40.1812,14.3347,15.0000,2.0000,1.5343,0.0000
18.1000,40.3812,14.4881,15.0000,2.0000,1.5343,0.0000
18.2000,40.5812,14.6415,15.0000,2.0000,1.5344,0.0000
18.3000,40.7812,14.7950,15.0000,2.0000,1.5343,0.0000
18.4000,40.9812,14.9484,15.0000,2.0000,1.5343,0.0000
18.5000,41.1812,15.1018,15.0000,2.0000,1.5343,0.0000
18.6000,41.3812,15.2553,15.0000,2.0000,1.5343,0.0000
18.7000,41.5812,15.4087,15.0000,2.0000,1.5344,0.0000
18.8000,41.7812,15.5621,15.0000,2.0000,1.5343,0.0000
18.9000,41.9812,15.7156,15.0000,2.0000,1.5344,0.0000
19.0000,42.1812,15.8690,15.0000,2.0000,1.5344,0.0000
19.1000,42.3812,16.0225,15.0000,2.0000,1.5343,0.0000
19.2000,42.5812,16.1759,15.0000,2.0000,1.5343,0.0000
19.3000,42.7812,16.3293,15.0000,2.0000,1.5344,0.0000
19.4000,42.9812,16.4828,15.0000,2.0000,1.5344,0.0000
19.5000,43.1812,16.6362,15.0000,2.0000,1.5344,0.0000
19.6000,43.3812,16.7896,15.0000,2.0000,1.5343,0.0000
19.7000,43.5837,16.9381,15.0018,2.0000,1.5027,0.0085
19.8000,43.7888,17.0769,15.0068,2.0143,1.3969,0.0396
19.9000,43.9948,17.2048,15.0148,2.0244,1.2902,0.0701
20.0000,44.2012,17.3221,15.0258,2.0294,1.1839,0.0995
20.1000,44.4074,17.4288,15.0395,2.0293,1.0786,0.1276
20.2000,44.6130,17.5251,15.0559,2.0238,0.9749,0.1541
20.3000,44.8175,17.6113,15.0747,2.0129,0.8736,0.1789
20.4000,45.0204,17.6877,15.0959,2.0000,0.7776,0.2018
20.5000,45.2223,17.7551,15.1192,2.0000,0.6902,0.2252
20.6000,45.4239,17.8141,15.1447,2.0000,0.6068,0.2474
20.7000,45.6252,17.8650,15.1723,2.0000,0.5261,0.2689
20.8000,45.8263,17.9082,15.2020,2.0000,0.4489,0.2895
20.9000,46.0271,17.9438,15.2336,2.0000,0.3733,0.3097
21.0000,46.2277,17.9722,15.2671,2.0000,0.3011,0.3289
21.1000,46.4281,17.9936,15.3024,2.0000,0.2312,0.3476
21.2000,46.6283,18.0082,15.3394,2.0000,0.1633,0.3657
21.3000,46.8283,18.0163,15.3782,2.0000,0.0974,0.3833
21.4000,47.0283,18.0191,15.4184,2.0000,0.0347,0.4000
21.5000,47.2282,18.0214,15.4587,2.0000,0.0222,0.4033
21.6000,47.4282,18.0236,15.4990,2.0000,0.0222,0.4033
21.7000,47.6282,18.0258,15.5394,2.0000,0.0222,0.4034
21.8000,47.8282,18.0280,15.5797,2.0000,0.0222,0.4034
21.9000,48.0282,18.0303,15.6200,2.0000,0.0222,0.4033
22.0000,48.2282,18.0325,15.6604,2.0000,0.0223,0.4033
22.1000,48.4282,18.0347,15.7007,2.0000,0.0222,0.4033
22.2000,48.6282,18.0369,15.7410,2.0000,0.0222,0.4033
22.3000,48.8282,18.0391,15.7814,2.0000,0.0222,0.4034
22.4000,49.0282,18.0414,15.8217,2.0000,0.0222,0.4034
22.5000,49.2282,18.0436,15.8620,2.0000,0.0223,0.4033
22.6000,49.4283,18.0458,15.9024,2.0000,0.0222,0.4034
22.7000,49.6283,18.0480,15.9427,2.0000,0.0222,0.4033
22.8000,49.8283,18.0503,15.9830,2.0000,0.0222,0.4033
22.9000,50.0283,18.0525,16.0234,2.0000,0.0222,0.4034
23.0000,50.2283,18.0547,16.0637,2.0000,0.0223,0.4033
23.1000,50.4283,18.0569,16.1040,2.0000,0.0222,0.4034
23.2000,50.6283,18.0591,16.1444,2.0000,0.0222,0.4033
23.3000,50.8283,18.0614,16.1847,2.0000,0.0222,0.4033
23.4000,51.0283,18.0636,16.2250,2.0000,0.0222,0.4033
23.5000,51.2283,18.0658,16.2654,2.0000,0.0222,0.4033
23.6000,51.4283,18.0680,16.3057,2.0000,0.0222,0.4033
23.7000,51.6283,18.0703,16.3460,2.0000,0.0222,0.4033
23.8000,51.8283,18.0721,16.3861,2.0000,0.0222,0.4034
23.9000,52.0287,18.0712,16.4238,2.0000,-0.0007,0.3834
24.0000,52.2290,18.0668,16.4584,2.0000,-0.0350,0.3536
24.1000,52.4293,18.0590,16.4901,2.0000,-0.0694,0.3236
24.2000,52.6295,18.0477,16.5187,2.0000,-0.1041,0.2933
24.3000,52.8297,18.0329,16.5442,2.0000,-0.1390,0.2630
24.4000,53.0297,18.0146,16.5667,2.0000,-0.1740,0.2325
24.5000,53.2297,17.9928,16.5861,2.0000,-0.2093,0.2018
24.6000,53.4296,17.9674,16.6024,2.0000,-0.2446,0.1710
24.7000,53.6294,17.9386,16.6156,2.0000,-0.2802,0.1401
24.8000,53.8291,17.9061,16.6257,2.0000,-0.3159,0.1089
24.9000,54.0288,17.8700,16.6326,2.0000,-0.3520,0.0774
25.0000,54.2283,17.8304,16.6364,2.0000,-0.3883,0.0460
25.1000,54.4278,17.7871,16.6370,2.0000,-0.4245,0.0144
25.2000,54.6272,17.7402,16.6345,2.0000,-0.4611,-0.0175
25.3000,54.8265,17.6896,16.6287,2.0000,-0.4978,-0.0494
25.4000,55.0258,17.6354,16.6198,2.0000,-0.5348,-0.0816
25.5000,55.2249,17.5775,16.6076,2.0000,-0.5720,-0.1140
25.6000,55.4240,17.5159,16.5921,2.0000,-0.6093,-0.1465
25.7000,55.6230,17.4506,16.5735,2.0000,-0.6469,-0.1792
25.8000,55.8226,17.3838,16.5536,2.0000,-0.6697,-0.1991
25.9000,56.0226,17.3168,16.5337,2.0000,-0.6697,-0.1991
26.0000,56.2226,17.2498,16.5138,2.0000,-0.6697,-0.1991
26.1000,56.4226,17.1828,16.4939,2.0000,-0.6698,-0.1991
26.2000,56.6226,17.1159,16.4740,2.0000,-0.6697,-0.1991
26.3000,56.8226,17.0489,16.4541,2.0000,-0.6697,-0.1991
26.4000,57.0226,16.9819,16.4342,2.0000,-0.6697,-0.1991
26.5000,57.2226,16.9149,16.4143,2.0000,-0.6698,-0.1991
26.6000,57.4226,16.8480,16.3944,2.0000,-0.6697,-0.1991
26.7000,57.6226,16.7810,16.3745,2.0000,-0.6697,-0.1991
26.8000,57.8226,16.7140,16.3545,2.0000,-0.6697,-0.1991
26.9000,58.0226,16.6471,16.3346,2.0000,-0.6697,-0.1991
27.0000,58.2226,16.5801,16.3147,2.0000,-0.6697,-0.1991
27.1000,58.4226,16.5131,16.2948,2.0000,-0.6698,-0.1991
27.2000,58.6226,16.4461,16.2749,2.0000,-0.6697,-0.1991
27.3000,58.8226,16.3792,16.2550,2.0000,-0.6697,-0.1991
27.4000,59.0226,16.3122,16.2351,2.0000,-0.6697,-0.1991
27.5000,59.2226,16.2452,16.2152,2.0000,-0.6698,-0.1991
27.6000,59.4226,16.1782,16.1953,2.0000,-0.6697,-0.1991
27.7000,59.6226,16.1113,16.1753,2.0000,-0.6697,-0.1991
27.8000,59.8226,16.0443,16.1554,2.0000,-0.6697,-0.1991
27.9000,60.0226,15.9773,16.1355,2.0000,-0.6698,-0.1991
28.0000,60.2226,15.9104,16.1156,2.0000,-0.6697,-0.1991
28.1000,60.4226,15.8434,16.0957,2.0000,-0.6697,-0.1991
28.2000,60.6226,15.7764,16.0758,2.0000,-0.6697,-0.1991
28.3000,60.8226,15.7094,16.0559,2.0000,-0.6697,-0.1992
28.4000,61.0226,15.6425,16.0360,2.0000,-0.6697,-0.1991
28.5000,61.2226,15.5755,16.0161,2.0000,-0.6698,-0.1991
28.6000,61.4226,15.5085,15.9961,2.0000,-0.6697,-0.1991
28.7000,61.6226,15.4415,15.9762,2.0000,-0.6697,-0.1991
28.8000,61.8226,15.3746,15.9563,2.0000,-0.6698,-0.1991
28.9000,62.0226,15.3076,15.9364,2.0000,-0.6697,-0.1991
29.0000,62.2226,15.2406,15.9165,2.0000,-0.6697,-0.1991
29.1000,62.4226,15.1736,15.8966,2.0000,-0.6697,-0.1991
29.2000,62.6226,15.1067,15.8767,2.0000,-0.6697,-0.1991
29.3000,62.8226,15.0397,15.8568,2.0000,-0.6698,-0.1991
29.4000,63.0226,14.9727,15.8369,2.0000,-0.6697,-0.1991
29.5000,63.2226,14.9058,15.8170,2.0000,-0.6697,-0.1991
29.6000,63.4226,14.8388,15.7970,2.0000,-0.6697,-0.1991
29.7000,63.6227,14.7718,15.7771,2.0000,-0.6697,-0.1991
29.8000,63.8227,14.7048,15.7572,2.0000,-0.6697,-0.1991
29.9000,64.0227,14.6379,15.7373,2.0000,-0.6697,-0.1991
30.0000,64.2227,14.5709,15.7174,2.0000,-0.6697,-0.1991
30.1000,64.4227,14.5039,15.6975,2.0000,-0.6697,-0.1991
30.2000,64.6227,14.4369,15.6776,2.0000,-0.6697,-0.1991
30.3000,64.8227,14.3700,15.6577,2.0000,-0.6697,-0.1991
30.4000,65.0227,14.3030,15.6378,2.0000,-0.6698,-0.1991
30.5000,65.2227,14.2360,15.6178,2.0000,-0.6698,-0.1991
30.6000,65.4227,14.1690,15.5979,2.0000,-0.6697,-0.1991
30.7000,65.6227,14.1021,15.5780,2.0000,-0.6697,-0.1991
30.8000,65.8227,14.0351,15.5581,2.0000,-0.6697,-0.1991
30.9000,66.0227,13.9681,15.5382,2.0000,-0.6698,-0.1991
31.0000,66.2227,13.9012,15.5183,2.0000,-0.6697,-0.1991
31.1000,66.4227,13.8342,15.4984,2.0000,-0.6697,-0.1991
31.2000,66.6227,13.7672,15.4785,2.0000,-0.6697,-0.1991
31.3000,66.8227,13.7002,15.4586,2.0000,-0.6698,-0.1991
31.4000,67.0227,13.6333,15.4386,2.0000,-0.6697,-0.1991
31.5000,67.2227,13.5663,15.4187,2.0000,-0.6697,-0.1991
31.6000,67.4227,13.4993,15.3988,2.0000,-0.6697,-0.1991
31.7000,67.6227,13.4323,15.3789,2.0000,-0.6698,-0.1991
31.8000,67.8227,13.3654,15.3590,2.0000,-0.6697,-0.1991
31.9000,68.0227,13.2984,15.3391,2.0000,-0.6698,-0.1991
32.0000,68.2227,13.2314,15.3192,2.0000,-0.6697,-0.1991
32.1000,68.4227,13.1645,15.2993,2.0000,-0.6697,-0.1991
32.2000,68.6229,13.0981,15.2795,2.0000,-0.6690,-0.1989
32.3000,68.8237,13.0349,15.2605,2.0000,-0.6389,-0.1914
32.4000,69.0245,12.9754,15.2425,2.0000,-0.6024,-0.1824
32.5000,69.2253,12.9195,15.2253,2.0000,-0.5663,-0.1735
32.6000,69.4260,12.8672,15.2090,2.0000,-0.5305,-0.1645
32.7000,69.6267,12.8184,15.1936,2.0000,-0.4952,-0.1557
32.8000,69.8273,12.7732,15.1791,2.0000,-0.4601,-0.1470
32.9000,70.0279,12.7314,15.1654,2.0000,-0.4252,-0.1383
33.0000,70.2285,12.6931,15.1526,2.0000,-0.3908,-0.1298
33.1000,70.4290,12.6582,15.1407,2.0000,-0.3568,-0.1213
33.2000,70.6294,12.6267,15.1296,2.0000,-0.3230,-0.1130
33.3000,70.8298,12.5985,15.1193,2.0000,-0.2895,-0.1046
33.4000,71.0302,12.5737,15.1099,2.0000,-0.2562,-0.0963
33.5000,71.2305,12.5521,15.1012,2.0000,-0.2234,-0.0881
33.6000,71.4307,12.5338,15.0934,2.0000,-0.1908,-0.0801
33.7000,71.6310,12.5188,15.0864,2.0000,-0.1585,-0.0721
33.8000,71.8311,12.5069,15.0802,2.0000,-0.1265,-0.0641
33.9000,72.0313,12.4982,15.0748,2.0000,-0.0948,-0.0562
34.0000,72.2314,12.4927,15.0701,2.0000,-0.0633,-0.0484
34.1000,72.4314,12.4902,15.0662,2.0000,-0.0321,-0.0407
34.2000,72.6315,12.4886,15.0626,2.0000,-0.0155,-0.0365
34.3000,72.8315,12.4871,15.0589,2.0000,-0.0154,-0.0365
34.4000,73.0315,12.4855,15.0553,2.0000,-0.0154,-0.0365
34.5000,73.2315,12.4840,15.0516,2.0000,-0.0154,-0.0365
34.6000,73.4315,12.4824,15.0480,2.0000,-0.0155,-0.0365
34.7000,73.6315,12.4809,15.0443,2.0000,-0.0155,-0.0365
34.8000,73.8315,12.4794,15.0407,2.0000,-0.0154,-0.0365
34.9000,74.0315,12.4778,15.0370,2.0000,-0.0155,-0.0365
35.0000,74.2315,12.4763,15.0334,2.0000,-0.0154,-0.0365
35.1000,74.4315,12.4747,15.0297,2.0000,-0.0154,-0.0365
35.2000,74.6315,12.4732,15.0261,2.0000,-0.0154,-0.0365
35.3000,74.8315,12.4716,15.0224,2.0000,-0.0154,-0.0365
35.4000,75.0315,12.4701,15.0188,2.0000,-0.0154,-0.0365
35.5000,75.2315,12.4713,15.0153,2.0000,0.0005,-0.0353
35.6000,75.4314,12.4770,15.0122,2.0000,0.0455,-0.0319
35.7000,75.6313,12.4872,15.0095,2.0000,0.0907,-0.0284
35.8000,75.8311,12.5020,15.0071,2.0000,0.1364,-0.0250
35.9000,76.0308,12.5213,15.0050,2.0000,0.1823,-0.0215
36.0000,76.2304,12.5453,15.0033,2.0000,0.2285,-0.0179
36.1000,76.4300,12.5739,15.0020,2.0000,0.2751,-0.0144
36.2000,76.6294,12.6072,15.0010,2.0000,0.3220,-0.0108
36.3000,76.8288,12.6452,15.0004,2.0000,0.3693,-0.0072
36.4000,77.0281,12.6880,15.0001,2.0000,0.4169,-0.0036
36.5000,77.2276,12.7343,15.0001,2.0000,0.4621,-0.0001
36.6000,77.4276,12.7809,15.0001,2.0000,0.4660,0.0001
36.7000,77.6276,12.8275,15.0001,2.0000,0.4660,0.0002
36.8000,77.8276,12.8741,15.0000,2.0000,0.4660,0.0002
36.9000,78.0261,12.9263,14.9875,2.0000,0.4966,-0.0642
37.0000,78.2211,12.9896,14.9500,1.9962,0.6140,-0.3123
37.1000,78.4101,13.0647,14.8850,1.9477,0.7328,-0.5854
37.2000,78.5884,13.1504,14.7922,1.8491,0.8457,-0.8704
37.3000,78.7496,13.2428,14.6772,1.6359,0.9003,-1.0891
37.4000,78.9024,13.3346,14.5593,1.5101,0.9070,-1.1647
37.5000,79.0516,13.4242,14.4443,1.4743,0.8855,-1.1371
37.6000,79.1973,13.5117,14.3319,1.4386,0.8640,-1.1095
37.7000,79.3393,13.5970,14.2223,1.4028,0.8425,-1.0820
37.8000,79.4778,13.6802,14.1155,1.3671,0.8211,-1.0544
37.9000,79.6128,13.7612,14.0115,1.3313,0.7996,-1.0268
38.0000,79.7441,13.8402,13.9101,1.2966,0.7787,-1.0000
38.1000,79.8738,13.9180,13.8101,1.2966,0.7787,-1.0000
38.2000,80.0035,13.9959,13.7101,1.2964,0.7787,-1.0000
38.3000,80.1331,14.0738,13.6101,1.2964,0.7787,-1.0000
38.4000,80.2628,14.1516,13.5101,1.2966,0.7787,-1.0000
38.5000,80.3924,14.2295,13.4101,1.2966,0.7787,-1.0000
38.6000,80.5221,14.3074,13.3101,1.2966,0.7787,-1.0000
38.7000,80.6517,14.3853,13.2101,1.2966,0.7787,-1.0000
38.8000,80.7814,14.4631,13.1101,1.2966,0.7787,-1.0000
38.9000,80.9110,14.5410,13.0101,1.2966,0.7787,-1.0000
39.0000,81.0407,14.6189,12.9101,1.2966,0.7787,-1.0000
39.1000,81.1704,14.6968,12.8101,1.2964,0.7787,-1.0000
39.2000,81.3000,14.7746,12.7101,1.2966,0.7787,-1.0000
39.3000,81.4297,14.8525,12.6101,1.2966,0.7787,-1.0000
39.4000,81.5593,14.9304,12.5101,1.2966,0.7787,-1.0000
39.5000,81.6890,15.0083,12.4101,1.2964,0.7787,-1.0000
39.6000,81.8186,15.0861,12.3101,1.2964,0.7787,-1.0000
39.7000,81.9483,15.1640,12.2101,1.2966,0.7788,-1.0000
39.8000,82.0779,15.2419,12.1101,1.2966,0.7787,-1.0000
39.9000,82.2076,15.3197,12.0101,1.2966,0.7787,-1.0000
40.0000,82.3373,15.3976,11.9101,1.2966,0.7787,-1.0000
40.1000,82.4669,15.4755,11.8101,1.2964,0.7787,-1.0000
40.2000,82.5966,15.5534,11.7101,1.2964,0.7787,-1.0000
40.3000,82.7262,15.6312,11.6101,1.2966,0.7787,-1.0000
40.4000,82.8559,15.7091,11.5101,1.2966,0.7787,-1.0000
40.5000,82.9855,15.7870,11.4101,1.2964,0.7787,-1.0000
40.6000,83.1152,15.8649,11.3101,1.2964,0.7787,-1.0000
40.7000,83.2448,15.9427,11.2101,1.2966,0.7787,-1.0000
40.8000,83.3745,16.0206,11.1101,1.2966,0.7787,-1.0000
40.9000,83.5042,16.0985,11.0101,1.2966,0.7787,-1.0000
41.0000,83.6338,16.1763,10.9101,1.2964,0.7787,-1.0000
41.1000,83.7635,16.2542,10.8101,1.2965,0.7788,-1.0000
41.2000,83.8931,16.3321,10.7101,1.2966,0.7787,-1.0000
41.3000,84.0228,16.4100,10.6101,1.2966,0.7787,-1.0000
41.4000,84.1524,16.4878,10.5101,1.2966,0.7787,-1.0000
41.5000,84.2821,16.5657,10.4101,1.2966,0.7787,-1.0000
41.6000,84.4117,16.6436,10.3101,1.2966,0.7787,-1.0000
41.7000,84.5414,16.7215,10.2101,1.2966,0.7787,-1.0000
41.8000,84.6711,16.7993,10.1101,1.2966,0.7787,-1.0000
41.9000,84.8007,16.8772,10.0101,1.2966,0.7787,-1.0000
42.0000,84.9304,16.9551,9.9101,1.2964,0.7787,-1.0000
42.1000,85.0600,17.0330,9.8101,1.2965,0.7787,-1.0000
42.2000,85.1897,17.1108,9.7101,1.2966,0.7787,-1.0000
42.3000,85.3193,17.1887,9.6101,1.2966,0.7787,-1.0000
42.4000,85.4490,17.2666,9.5101,1.2966,0.7787,-1.0000
42.5000,85.5786,17.3445,9.4101,1.2966,0.7787,-1.0000
42.6000,85.7083,17.4223,9.3101,1.2966,0.7787,-1.0000
42.7000,85.8380,17.5002,9.2101,1.2966,0.7787,-1.0000
42.8000,85.9676,17.5781,9.1101,1.2964,0.7787,-1.0000
42.9000,86.0973,17.6559,9.0101,1.2964,0.7787,-1.0000
43.0000,86.2269,17.7338,8.9101,1.2966,0.7787,-1.0000
43.1000,86.3566,17.8117,8.8101,1.2966,0.7787,-1.0000
43.2000,86.4862,17.8896,8.7101,1.2966,0.7787,-1.0000
43.3000,86.6159,17.9674,8.6101,1.2964,0.7787,-1.0000
43.4000,86.7455,18.0453,8.5101,1.2966,0.7788,-1.0000
43.5000,86.8752,18.1232,8.4101,1.2966,0.7788,-1.0000
43.6000,87.0049,18.2011,8.3101,1.2966,0.7787,-1.0000
43.7000,87.1345,18.2789,8.2101,1.2966,0.7787,-1.0000
43.8000,87.2642,18.3568,8.1101,1.2966,0.7787,-1.0000
43.9000,87.3938,18.4347,8.0101,1.2966,0.7787,-1.0000
44.0000,87.5235,18.5126,7.9101,1.2966,0.7787,-1.0000
44.1000,87.6531,18.5904,7.8101,1.2964,0.7787,-1.0000
44.2000,87.7827,18.6683,7.7101,1.2954,0.7781,-0.9992
44.3000,87.9105,18.7450,7.6116,1.2597,0.7566,-0.9716
44.4000,88.0347,18.8196,7.5158,1.2240,0.7351,-0.9440
44.5000,88.1553,18.8920,7.4228,1.1881,0.7137,-0.9165
44.6000,88.2723,18.9623,7.3325,1.1524,0.6922,-0.8889
44.7000,88.3858,19.0305,7.2450,1.1166,0.6707,-0.8613
44.8000,88.4957,19.0965,7.1603,1.0809,0.6492,-0.8337
44.9000,88.6020,19.1603,7.0783,1.0451,0.6278,-0.8062
45.0000,88.7047,19.2220,6.9991,1.0094,0.6063,-0.7785
45.1000,88.8038,19.2816,6.9226,0.9737,0.5848,-0.7510
45.2000,88.8994,19.3390,6.8489,0.9379,0.5633,-0.7234
45.3000,88.9914,19.3942,6.7779,0.9021,0.5419,-0.6958
45.4000,89.0798,19.4473,6.7097,0.8665,0.5203,-0.6682
45.5000,89.1647,19.4983,6.6442,0.8307,0.4989,-0.6407
45.6000,89.2460,19.5471,6.5816,0.7949,0.4774,-0.6131
45.7000,89.3237,19.5938,6.5216,0.7592,0.4559,-0.5855
45.8000,89.3978,19.6383,6.4645,0.7234,0.4345,-0.5579
45.9000,89.4684,19.6807,6.4100,0.6876,0.4130,-0.5304
46.0000,89.5353,19.7209,6.3584,0.6519,0.3915,-0.5028
46.1000,89.5987,19.7590,6.3095,0.6161,0.3701,-0.4752
46.2000,89.6586,19.7949,6.2633,0.5803,0.3486,-0.4476
46.3000,89.7148,19.8287,6.2200,0.5446,0.3271,-0.4200
46.4000,89.7675,19.8603,6.1793,0.5089,0.3056,-0.3925
46.5000,89.8166,19.8898,6.1415,0.4731,0.2842,-0.3649
46.6000,89.8621,19.9172,6.1064,0.4374,0.2627,-0.3373
46.7000,89.9041,19.9424,6.0740,0.4016,0.2412,-0.3097
46.8000,89.9424,19.9654,6.0444,0.3659,0.2197,-0.2822
46.9000,89.9772,19.9863,6.0176,0.3301,0.1983,-0.2546
47.0000,90.0000,20.0000,6.0000,0.0000,0.0000,-0.0000
